Sample; LockDetected; TextDetected; TextScore; RW Permission; EncryptionDetected; Comment; TimedOut; Classified files
/home/nicola/workspace/Heldroid/experiments/datasets/ransomware/R1/a0b3b4659b21483fa5aa03a8bb4e9ebb5ce9ef9bd80537377339ae943c1e2bea.apk; true; false; 0,000000; false; false; "Threat: 0,192450, Porn: 0,085749, Law: 0,000000, Copyright: 0,000000, Moneypak: 0,000000"; false; {copyright=[], law=[], moneypak=[], threat=[res/values/strings.xml], porn=[]}
/home/nicola/workspace/Heldroid/experiments/datasets/ransomware/R1/123d71e82c09892525868ce9e51dcf1be86c48a4c486e4aaec6afaa095692520.apk; true; true; 1,000000; true; false; "Threat: 1,000000, Porn: 1,000000, Law: 1,000000, Copyright: 1,000000, Moneypak: 1,000000"; false; {copyright=[], law=[], moneypak=[], threat=[], porn=[]}
/home/nicola/workspace/Heldroid/experiments/datasets/ransomware/R1/986e026e9703dea366d3e673a29d6444c32a024615397475e39ab3f780cad0e6.apk; true; true; 1,000000; true; false; "Threat: 1,000000, Porn: 1,000000, Law: 0,732520, Copyright: 0,183309, Moneypak: 0,894427"; false; {copyright=[], law=[], moneypak=[], threat=[], porn=[]}
/home/nicola/workspace/Heldroid/experiments/datasets/ransomware/R1/d7eddd8c3b2f5775fc0adda9c63d835c0e864d557d8d49644e4ff7b331e49e6a.apk; false; false; 0,000000; true; false; "Threat: 0,000000, Porn: 0,000000, Law: 0,000000, Copyright: 0,000000, Moneypak: 0,000000"; false; {copyright=[], law=[], moneypak=[], threat=[], porn=[]}
/home/nicola/workspace/Heldroid/experiments/datasets/ransomware/R1/7a7f3280e8382a8d8da75651f4ded0d204bb8b967a92cf11a54905119f9473c8.apk; false; false; 0,000000; true; false; "Threat: 0,000000, Porn: 0,000000, Law: 0,000000, Copyright: 0,000000, Moneypak: 0,000000"; false; {copyright=[], law=[], moneypak=[], threat=[], porn=[]}
/home/nicola/workspace/Heldroid/experiments/datasets/ransomware/R1/ee41ac93977f03fa3150f359030313ca7f32bd6c580ba5c2ff0882f56889be8e.apk; false; true; 1,000000; false; false; "Threat: 1,000000, Porn: 1,000000, Law: 0,000000, Copyright: 0,000000, Moneypak: 1,000000"; false; {copyright=[], law=[], moneypak=[res/values/strings.xml], threat=[res/values/strings.xml], porn=[res/values/strings.xml]}
/home/nicola/workspace/Heldroid/experiments/datasets/ransomware/R1/002419b9823810ed04ebb0d3b1c3c8b1e296e0ab0526c384183f1423eab0cf77.apk; true; true; 1,000000; true; false; "Threat: 1,000000, Porn: 0,925820, Law: 1,000000, Copyright: 0,640513, Moneypak: 0,737865"; false; {copyright=[], law=[], moneypak=[], threat=[], porn=[]}
/home/nicola/workspace/Heldroid/experiments/datasets/ransomware/R1/c7487cad76471038f7004652763b99eb89e88e6be9ce214c4bd4b2402bfe30b8.apk; false; false; 0,000000; false; false; "Threat: 0,000000, Porn: 0,000000, Law: 0,000000, Copyright: 0,000000, Moneypak: 0,000000"; false; {copyright=[], law=[], moneypak=[], threat=[], porn=[]}
/home/nicola/workspace/Heldroid/experiments/datasets/ransomware/R1/1707fc3b600468018e5b589c847c26fc87f8e5cafc1f6fc9861e7e6ce80a36eb.apk; true; true; 1,000000; false; false; "Threat: 1,000000, Porn: 1,000000, Law: 1,000000, Copyright: 0,000000, Moneypak: 1,000000"; false; {copyright=[], law=[], moneypak=[], threat=[], porn=[]}
/home/nicola/workspace/Heldroid/experiments/datasets/ransomware/R1/4d3de2103f740345aa2041691fde0878d7d32e9e4985adf6b030d2e679560118.apk; false; false; 0,000000; false; false; "Threat: 0,000000, Porn: 0,000000, Law: 0,166667, Copyright: 0,000000, Moneypak: 0,158114"; false; {copyright=[], law=[], moneypak=[], threat=[], porn=[]}
/home/nicola/workspace/Heldroid/experiments/datasets/ransomware/R1/24c6ac5a1722cabd8df105a825ecbcd99aede3a4ff854472f8517e85d3e380fa.apk; true; true; 1,000000; true; false; "Threat: 1,000000, Porn: 1,000000, Law: 1,000000, Copyright: 0,000000, Moneypak: 1,000000"; false; {copyright=[], law=[], moneypak=[], threat=[], porn=[]}
/home/nicola/workspace/Heldroid/experiments/datasets/ransomware/R1/0b996d80d1c721c5ddc5991d45a84b27906619524a9a7518d1247dfafda3f15a.apk; true; true; 1,000000; false; false; "Threat: 1,000000, Porn: 1,000000, Law: 1,000000, Copyright: 0,000000, Moneypak: 1,000000"; false; {copyright=[], law=[], moneypak=[], threat=[], porn=[]}
/home/nicola/workspace/Heldroid/experiments/datasets/ransomware/R1/89271b0f26814270c1a2ddf66a6e48326dfaaf5c2438d8b8758e938ed6b2fa78.apk; true; true; 1,000000; true; false; "Threat: 1,000000, Porn: 1,000000, Law: 1,000000, Copyright: 1,000000, Moneypak: 1,000000"; false; {copyright=[], law=[], moneypak=[], threat=[], porn=[]}
/home/nicola/workspace/Heldroid/experiments/datasets/ransomware/R1/ec1c225585b7cb9feb124997015f747b4e4468f1dbdca5a4268a4ee02dd479a4.apk; false; true; 1,000000; false; false; "Threat: 1,000000, Porn: 1,000000, Law: 0,000000, Copyright: 0,000000, Moneypak: 1,000000"; false; {copyright=[], law=[], moneypak=[res/values/strings.xml], threat=[res/values/strings.xml], porn=[res/values/strings.xml]}
/home/nicola/workspace/Heldroid/experiments/datasets/ransomware/R1/0e2163b3f2ae8ad93c52d885f87908076d473ef97ff4a910a0a560eb66190508.apk; true; true; 1,000000; true; false; "Threat: 1,000000, Porn: 1,000000, Law: 1,000000, Copyright: 0,000000, Moneypak: 1,000000"; false; {copyright=[], law=[], moneypak=[], threat=[], porn=[]}
/home/nicola/workspace/Heldroid/experiments/datasets/ransomware/R1/26b2afb1296c33ca02cf02014f12cae36802cce123aa4c79cfc2b7121d8a9d15.apk; true; true; 1,000000; true; false; "Threat: 1,000000, Porn: 1,000000, Law: 0,732520, Copyright: 0,183309, Moneypak: 0,894427"; false; {copyright=[], law=[], moneypak=[], threat=[], porn=[]}
/home/nicola/workspace/Heldroid/experiments/datasets/ransomware/R1/89184c11546c0d2f463058f94170c9a5bcae9f07a94e39c18ca9c9196279658a.apk; false; true; 1,000000; true; false; "Threat: 0,258199, Porn: 0,745356, Law: 1,000000, Copyright: 1,000000, Moneypak: 0,670820"; false; {copyright=[], law=[], moneypak=[], threat=[], porn=[]}
/home/nicola/workspace/Heldroid/experiments/datasets/ransomware/R1/db00d88cd34c541242ce65d61b1c481fc6ab76d9849f09f59850c141b1a30c3e.apk; true; true; 1,000000; true; false; "Threat: 1,000000, Porn: 1,000000, Law: 1,000000, Copyright: 0,000000, Moneypak: 1,000000"; false; {copyright=[], law=[], moneypak=[], threat=[], porn=[]}
/home/nicola/workspace/Heldroid/experiments/datasets/ransomware/R1/eea35648ab92061bf8499c3b884337272f678feca57f12620a49f93741f6b14d.apk; true; true; 1,000000; true; false; "Threat: 1,000000, Porn: 1,000000, Law: 1,000000, Copyright: 1,000000, Moneypak: 1,000000"; false; {copyright=[], law=[], moneypak=[], threat=[], porn=[]}
/home/nicola/workspace/Heldroid/experiments/datasets/ransomware/R1/3638c2dd64d13fd071fbaffe16fb2886acdac6e748a84219f01d254e37543ab0.apk; true; false; 0,000000; false; false; "Threat: 0,000000, Porn: 0,000000, Law: 0,000000, Copyright: 0,000000, Moneypak: 0,000000"; false; {copyright=[], law=[], moneypak=[], threat=[], porn=[]}
/home/nicola/workspace/Heldroid/experiments/datasets/ransomware/R1/359c5f40533707ce9f329dccdd200f81199e26946437908570383caeb691219f.apk; true; true; 1,000000; false; false; "Threat: 1,000000, Porn: 1,000000, Law: 1,000000, Copyright: 0,000000, Moneypak: 1,000000"; false; {copyright=[], law=[], moneypak=[], threat=[], porn=[]}
/home/nicola/workspace/Heldroid/experiments/datasets/ransomware/R1/a41be95e86bd33ea0e2eecbce701dc65e55f1aad54c53bd44be3d62836941181.apk; false; true; 1,000000; false; false; "Threat: 1,000000, Porn: 1,000000, Law: 0,000000, Copyright: 0,000000, Moneypak: 1,000000"; false; {copyright=[], law=[], moneypak=[res/values/strings.xml], threat=[res/values/strings.xml], porn=[res/values/strings.xml]}
/home/nicola/workspace/Heldroid/experiments/datasets/ransomware/R1/4f59a7344be0836b91ab18548f74ffb4610c123271e8f6e9b99524876339a65b.apk; false; true; 1,000000; false; false; "Threat: 1,000000, Porn: 1,000000, Law: 0,000000, Copyright: 0,000000, Moneypak: 1,000000"; false; {copyright=[], law=[], moneypak=[res/values/strings.xml], threat=[res/values/strings.xml], porn=[res/values/strings.xml]}
/home/nicola/workspace/Heldroid/experiments/datasets/ransomware/R1/8320163ee9dc987d15cb5bfb481e64d4a45cd247ad7b920c2f7ef63bd36386a5.apk; false; true; 1,000000; false; false; "Threat: 1,000000, Porn: 1,000000, Law: 0,000000, Copyright: 0,000000, Moneypak: 1,000000"; false; {copyright=[], law=[], moneypak=[res/values/strings.xml], threat=[res/values/strings.xml], porn=[res/values/strings.xml]}
/home/nicola/workspace/Heldroid/experiments/datasets/ransomware/R1/863a3bda93c5b7473c91e201fb40c97bc3c876bc2f50f7e6bc9b05c3af9ecf15.apk; false; true; 1,000000; false; false; "Threat: 1,000000, Porn: 1,000000, Law: 0,000000, Copyright: 0,000000, Moneypak: 1,000000"; false; {copyright=[], law=[], moneypak=[res/values/strings.xml], threat=[res/values/strings.xml], porn=[res/values/strings.xml]}
/home/nicola/workspace/Heldroid/experiments/datasets/ransomware/R1/09c9833c6fed3795fbf39d11a91237f9e3ebf38e62dbeba8e69243197886ba4b.apk; true; true; 1,000000; true; false; "Threat: 1,000000, Porn: 1,000000, Law: 1,000000, Copyright: 1,000000, Moneypak: 1,000000"; false; {copyright=[], law=[], moneypak=[], threat=[], porn=[]}
/home/nicola/workspace/Heldroid/experiments/datasets/ransomware/R1/f0f6f145ec68a4fba0ff557db4238fdf9eddd081a2a8cc69ef8c2ebeb5a51eb3.apk; false; true; 1,000000; false; false; "Threat: 1,000000, Porn: 1,000000, Law: 0,000000, Copyright: 0,000000, Moneypak: 1,000000"; false; {copyright=[], law=[], moneypak=[res/values/strings.xml], threat=[res/values/strings.xml], porn=[res/values/strings.xml]}
/home/nicola/workspace/Heldroid/experiments/datasets/ransomware/R1/ecb683b4d1d5c420ff7ca3a4ecfe5e6a85201dbbef204a531c89997eaea26cfb.apk; false; true; 1,000000; false; false; "Threat: 1,000000, Porn: 1,000000, Law: 0,000000, Copyright: 0,000000, Moneypak: 1,000000"; false; {copyright=[], law=[], moneypak=[res/values/strings.xml], threat=[res/values/strings.xml], porn=[res/values/strings.xml]}
/home/nicola/workspace/Heldroid/experiments/datasets/ransomware/R1/a0b66f5a98c805ea2876c9449da7676502e275c912568874aea84bd88e8f70a5.apk; true; true; 1,000000; true; false; "Threat: 1,000000, Porn: 1,000000, Law: 1,000000, Copyright: 0,000000, Moneypak: 1,000000"; false; {copyright=[], law=[], moneypak=[], threat=[], porn=[]}
/home/nicola/workspace/Heldroid/experiments/datasets/ransomware/R1/6f92bddabcc844514e99e42fb82b483b5a55a8d727e1872158591d00185a4d76.apk; true; false; 0,000000; false; false; "Threat: 0,192450, Porn: 0,085749, Law: 0,000000, Copyright: 0,000000, Moneypak: 0,000000"; false; {copyright=[], law=[], moneypak=[], threat=[res/values/strings.xml], porn=[]}
/home/nicola/workspace/Heldroid/experiments/datasets/ransomware/R1/2012c1ff3d03398ae42862004316961c3ecd625ee165b1518342c3b410f749de.apk; false; true; 1,000000; false; false; "Threat: 1,000000, Porn: 1,000000, Law: 0,000000, Copyright: 0,000000, Moneypak: 1,000000"; false; {copyright=[], law=[], moneypak=[res/values/strings.xml], threat=[res/values/strings.xml], porn=[res/values/strings.xml]}
/home/nicola/workspace/Heldroid/experiments/datasets/ransomware/R1/83c09843ca2167c529f50fb6b20b9927c60f80a0fec72d50d8bdbf528f696b0c.apk; true; true; 1,000000; true; false; "Threat: 1,000000, Porn: 1,000000, Law: 0,732520, Copyright: 0,183309, Moneypak: 0,894427"; false; {copyright=[], law=[], moneypak=[], threat=[], porn=[]}
/home/nicola/workspace/Heldroid/experiments/datasets/ransomware/R1/fa43a48840450ad5025634d37e8e3d4d7af44e65a3cbfb7822ce836c7397cabd.apk; false; false; 0,000000; true; false; "Threat: 0,000000, Porn: 0,000000, Law: 0,000000, Copyright: 0,000000, Moneypak: 0,000000"; false; {copyright=[], law=[], moneypak=[], threat=[], porn=[]}
/home/nicola/workspace/Heldroid/experiments/datasets/ransomware/R1/152d07501fb91ade0668539c0d0d52755dc8788722e219668342c6d467b8a908.apk; false; true; 1,000000; false; false; "Threat: 1,000000, Porn: 1,000000, Law: 0,000000, Copyright: 0,000000, Moneypak: 1,000000"; false; {copyright=[], law=[], moneypak=[res/values/strings.xml], threat=[res/values/strings.xml], porn=[res/values/strings.xml]}
/home/nicola/workspace/Heldroid/experiments/datasets/ransomware/R1/0157cdbf66f014deee5dd4f1949b907aac1c8f9f7f4fb90e76ae724e55b05818.apk; false; true; 1,000000; false; false; "Threat: 1,000000, Porn: 1,000000, Law: 0,000000, Copyright: 0,000000, Moneypak: 1,000000"; false; {copyright=[], law=[], moneypak=[res/values/strings.xml], threat=[res/values/strings.xml], porn=[res/values/strings.xml]}
/home/nicola/workspace/Heldroid/experiments/datasets/ransomware/R1/ddd0d4c00ec61ec0c8b9a3c256ca20748b077ad70ee1167c9454d9ba70faa727.apk; true; true; 1,000000; true; false; "Threat: 1,000000, Porn: 1,000000, Law: 1,000000, Copyright: 1,000000, Moneypak: 1,000000"; false; {copyright=[], law=[], moneypak=[], threat=[], porn=[]}
/home/nicola/workspace/Heldroid/experiments/datasets/ransomware/R1/05439ab5cbc63929b5004a9ef9c42ecf94a9122960073104341c428dc607ea58.apk; true; true; 1,000000; true; false; "Threat: 1,000000, Porn: 1,000000, Law: 1,000000, Copyright: 0,000000, Moneypak: 1,000000"; false; {copyright=[], law=[], moneypak=[], threat=[], porn=[]}
/home/nicola/workspace/Heldroid/experiments/datasets/ransomware/R1/889a22a48d49fcffcd0c6a8f1961939c49323afef08f9a8a25cbc0d8fce662f5.apk; true; true; 1,000000; false; false; "Threat: 1,000000, Porn: 1,000000, Law: 1,000000, Copyright: 0,000000, Moneypak: 1,000000"; false; {copyright=[], law=[], moneypak=[], threat=[], porn=[]}
/home/nicola/workspace/Heldroid/experiments/datasets/ransomware/R1/c9bb68fccc511ff421935caf788d869bdf08e30e4f2aeb0a78966ea373203eac.apk; true; true; 1,000000; true; false; "Threat: 1,000000, Porn: 1,000000, Law: 1,000000, Copyright: 0,000000, Moneypak: 1,000000"; false; {copyright=[], law=[], moneypak=[], threat=[], porn=[]}
/home/nicola/workspace/Heldroid/experiments/datasets/ransomware/R1/1a1a5c5231a1eaff90423163fe685e66c703499866a704105b29356f254833cd.apk; true; true; 1,000000; true; false; "Threat: 1,000000, Porn: 1,000000, Law: 1,000000, Copyright: 0,000000, Moneypak: 1,000000"; false; {copyright=[], law=[], moneypak=[], threat=[], porn=[]}
/home/nicola/workspace/Heldroid/experiments/datasets/ransomware/R1/de63c1c46624b1770fd20ff03eec24e7b0e6e4ca08faa7cad6882cfc39ea8a8d.apk; false; true; 1,000000; false; false; "Threat: 1,000000, Porn: 1,000000, Law: 0,000000, Copyright: 0,000000, Moneypak: 1,000000"; false; {copyright=[], law=[], moneypak=[res/values/strings.xml], threat=[res/values/strings.xml], porn=[res/values/strings.xml]}
/home/nicola/workspace/Heldroid/experiments/datasets/ransomware/R1/92d6d6f5c14a9e1f9be152ae2ce6cac5e410cbf39bc5ed2861a8f3c5ff0f7de8.apk; false; true; 1,000000; false; false; "Threat: 1,000000, Porn: 1,000000, Law: 0,000000, Copyright: 0,000000, Moneypak: 1,000000"; false; {copyright=[], law=[], moneypak=[res/values/strings.xml], threat=[res/values/strings.xml], porn=[res/values/strings.xml]}
/home/nicola/workspace/Heldroid/experiments/datasets/ransomware/R1/1aae635f23040a7df60a10657e0f9bb2aaef71dac621366d508dd1b4f97fd7c3.apk; true; true; 1,000000; true; false; "Threat: 1,000000, Porn: 1,000000, Law: 1,000000, Copyright: 0,000000, Moneypak: 1,000000"; false; {copyright=[], law=[], moneypak=[], threat=[], porn=[]}
/home/nicola/workspace/Heldroid/experiments/datasets/ransomware/R1/4aad1479378f0647fcca97d8bd74792e873f4ea031de0917a48cfc71442408ca.apk; true; true; 1,000000; true; false; "Threat: 1,000000, Porn: 1,000000, Law: 1,000000, Copyright: 0,000000, Moneypak: 1,000000"; false; {copyright=[], law=[], moneypak=[], threat=[], porn=[]}
/home/nicola/workspace/Heldroid/experiments/datasets/ransomware/R1/9df1d8ca2b66d7af5aa1b337d0a0d9798c050ffe8fc96bddb9a31945755f30f2.apk; false; false; 0,000000; true; false; "Threat: 0,000000, Porn: 0,000000, Law: 0,000000, Copyright: 0,000000, Moneypak: 0,000000"; false; {copyright=[], law=[], moneypak=[], threat=[], porn=[]}
/home/nicola/workspace/Heldroid/experiments/datasets/ransomware/R1/6ca7420a4c46a627b20d95ff8f54d9b7c78df08efdb1dca17168f14c60cb0a68.apk; false; false; 0,000000; true; false; "Threat: 0,000000, Porn: 0,000000, Law: 0,000000, Copyright: 0,000000, Moneypak: 0,000000"; false; {copyright=[], law=[], moneypak=[], threat=[], porn=[]}
/home/nicola/workspace/Heldroid/experiments/datasets/ransomware/R1/c0cb135eef45bb8e411d47904ce638531d53473729c7752dc43c6d55d5ed86f8.apk; false; true; 1,000000; false; false; "Threat: 1,000000, Porn: 1,000000, Law: 0,000000, Copyright: 0,000000, Moneypak: 1,000000"; false; {copyright=[], law=[], moneypak=[res/values/strings.xml], threat=[res/values/strings.xml], porn=[res/values/strings.xml]}
/home/nicola/workspace/Heldroid/experiments/datasets/ransomware/R1/9272ee281ece08a27ca42ef88ff71d217483a1e56b02eaeb88fa3f3fdf5b7988.apk; true; false; 0,000000; false; false; "Threat: 0,192450, Porn: 0,085749, Law: 0,000000, Copyright: 0,000000, Moneypak: 0,000000"; false; {copyright=[], law=[], moneypak=[], threat=[res/values/strings.xml], porn=[]}
/home/nicola/workspace/Heldroid/experiments/datasets/ransomware/R1/49da23e9e35c7f6e7efbd351ef7aef10cc3830572a02e2dd5db2cba1ee669206.apk; true; true; 1,000000; true; false; "Threat: 1,000000, Porn: 0,925820, Law: 1,000000, Copyright: 0,640513, Moneypak: 0,737865"; false; {copyright=[], law=[], moneypak=[], threat=[], porn=[]}
/home/nicola/workspace/Heldroid/experiments/datasets/ransomware/R1/b446c5daeb0f9ae9f242c5ff0b4fe3429bcbf16951608c35499663a479880e5f.apk; true; false; 0,000000; false; false; "Threat: 0,192450, Porn: 0,085749, Law: 0,000000, Copyright: 0,000000, Moneypak: 0,000000"; false; {copyright=[], law=[], moneypak=[], threat=[res/values/strings.xml], porn=[]}
/home/nicola/workspace/Heldroid/experiments/datasets/ransomware/R1/31c683148fa215d76bb3d9b7d567d5c569346ae477a12f438314d5d98ec6b43c.apk; false; true; 1,000000; false; false; "Threat: 1,000000, Porn: 1,000000, Law: 0,000000, Copyright: 0,000000, Moneypak: 1,000000"; false; {copyright=[], law=[], moneypak=[res/values/strings.xml], threat=[res/values/strings.xml], porn=[res/values/strings.xml]}
/home/nicola/workspace/Heldroid/experiments/datasets/ransomware/R1/9a81722224352d449507f4229ca88a961e332c5f17072db559f430b11793f721.apk; true; true; 1,000000; false; false; "Threat: 1,000000, Porn: 1,000000, Law: 1,000000, Copyright: 0,000000, Moneypak: 1,000000"; false; {copyright=[], law=[], moneypak=[], threat=[], porn=[]}
/home/nicola/workspace/Heldroid/experiments/datasets/ransomware/R1/18df8b51a1a1134826a4dc347ffa338c4814d33533839f73842dfcbfd87bb361.apk; false; true; 1,000000; true; true; "Threat: 0,353553, Porn: 0,745356, Law: 1,000000, Copyright: 1,000000, Moneypak: 0,670820"; false; {copyright=[], law=[], moneypak=[res/values/strings.xml], threat=[], porn=[res/values/strings.xml]}
/home/nicola/workspace/Heldroid/experiments/datasets/ransomware/R1/b2830f1d3ce3b5ed7dba0ad3a1ef4327bfe97a13014e40e7609cc62d4cfa30a3.apk; false; true; 1,000000; true; false; "Threat: 1,000000, Porn: 0,755929, Law: 1,000000, Copyright: 0,640513, Moneypak: 0,816497"; false; {copyright=[], law=[], moneypak=[], threat=[], porn=[]}
/home/nicola/workspace/Heldroid/experiments/datasets/ransomware/R1/6182aa42a8c62dff1b91ad784fdee9a538eeb9e5f12a704c9d4c6456368929ab.apk; true; true; 1,000000; true; false; "Threat: 1,000000, Porn: 1,000000, Law: 0,732520, Copyright: 0,183309, Moneypak: 0,894427"; false; {copyright=[], law=[], moneypak=[], threat=[], porn=[]}
/home/nicola/workspace/Heldroid/experiments/datasets/ransomware/R1/2f2668a1c34a64d84b0a1279392d85a45aec5baec04b0abfea95a3394aa3be22.apk; true; true; 1,000000; true; false; "Threat: 1,000000, Porn: 1,000000, Law: 0,732520, Copyright: 0,183309, Moneypak: 0,894427"; false; {copyright=[], law=[], moneypak=[], threat=[], porn=[]}
/home/nicola/workspace/Heldroid/experiments/datasets/ransomware/R1/b2fc56fd183ea32fc90388c74236c3145c443078edd46867db03b0cfd1ebd66e.apk; false; false; 0,000000; false; false; "Threat: 0,000000, Porn: 0,000000, Law: 0,000000, Copyright: 0,000000, Moneypak: 0,000000"; false; {copyright=[], law=[], moneypak=[], threat=[], porn=[]}
/home/nicola/workspace/Heldroid/experiments/datasets/ransomware/R1/5e2fc00a1c06af24548f8d2414df7d423fffbae3251d96895f536e1e93052364.apk; false; true; 1,000000; false; false; "Threat: 1,000000, Porn: 1,000000, Law: 0,000000, Copyright: 0,000000, Moneypak: 1,000000"; false; {copyright=[], law=[], moneypak=[res/values/strings.xml], threat=[res/values/strings.xml], porn=[res/values/strings.xml]}
/home/nicola/workspace/Heldroid/experiments/datasets/ransomware/R1/4da25ca64594d23192fea7d9aed837b935f9497a1f39600d48d1eb30b35301d9.apk; true; true; 1,000000; false; false; "Threat: 1,000000, Porn: 1,000000, Law: 1,000000, Copyright: 0,000000, Moneypak: 1,000000"; false; {copyright=[], law=[], moneypak=[], threat=[], porn=[]}
/home/nicola/workspace/Heldroid/experiments/datasets/ransomware/R1/3f2661a297ce3a1053125a0fae1d7316fd2e2a442e1e34823e5127428e02b24f.apk; true; true; 1,000000; false; false; "Threat: 1,000000, Porn: 1,000000, Law: 1,000000, Copyright: 0,000000, Moneypak: 1,000000"; false; {copyright=[], law=[], moneypak=[], threat=[], porn=[]}
/home/nicola/workspace/Heldroid/experiments/datasets/ransomware/R1/23d7cc2cc066b46f0ad16bd1deba2d2b506d638a828c0317a35ccb886051cb06.apk; true; true; 1,000000; true; false; "Threat: 1,000000, Porn: 0,843274, Law: 1,000000, Copyright: 1,000000, Moneypak: 1,000000"; false; {copyright=[], law=[], moneypak=[], threat=[], porn=[]}
/home/nicola/workspace/Heldroid/experiments/datasets/ransomware/R1/c72e58b190c7d9b5d937bbaefc306e31472b4b8d887f52f7d03b7131e59f29c9.apk; false; false; 0,000000; true; false; "Threat: 0,000000, Porn: 0,000000, Law: 0,000000, Copyright: 0,000000, Moneypak: 0,000000"; false; {copyright=[], law=[], moneypak=[], threat=[], porn=[]}
/home/nicola/workspace/Heldroid/experiments/datasets/ransomware/R1/efea63ae68b037da3ca40bcbc75780ad32376338171e077060359cbe09cc160c.apk; true; true; 1,000000; true; false; "Threat: 1,000000, Porn: 1,000000, Law: 0,732520, Copyright: 0,183309, Moneypak: 0,894427"; false; {copyright=[], law=[], moneypak=[], threat=[], porn=[]}
/home/nicola/workspace/Heldroid/experiments/datasets/ransomware/R1/90f2af439982642272cd853ba9eb789253576f32ad96e3eb81380c4bc258f908.apk; true; false; 0,000000; false; false; "Threat: 0,192450, Porn: 0,085749, Law: 0,000000, Copyright: 0,000000, Moneypak: 0,000000"; false; {copyright=[], law=[], moneypak=[], threat=[res/values/strings.xml], porn=[]}
/home/nicola/workspace/Heldroid/experiments/datasets/ransomware/R1/42f0ccdf6b62be3f050fc6f6139b1e30874c39fc7ed759bc8921b664de5f6d4e.apk; false; true; 1,000000; true; false; "Threat: 0,670820, Porn: 0,745356, Law: 1,000000, Copyright: 1,000000, Moneypak: 0,948683"; false; {copyright=[], law=[], moneypak=[], threat=[], porn=[]}
/home/nicola/workspace/Heldroid/experiments/datasets/ransomware/R1/877c3a2cde5081f1290e650d0df089db4d98b5120a405a4b7077be1197f2a4d6.apk; false; false; 0,000000; true; false; "Threat: 0,000000, Porn: 0,000000, Law: 0,000000, Copyright: 0,000000, Moneypak: 0,000000"; false; {copyright=[], law=[], moneypak=[], threat=[], porn=[]}
/home/nicola/workspace/Heldroid/experiments/datasets/ransomware/R1/1c7ff2fead1305c8b316416c0ddb7cfb854a92aa6a096945a8729ad2d47adeec.apk; true; false; 0,000000; false; false; "Threat: 0,000000, Porn: 0,000000, Law: 0,000000, Copyright: 0,000000, Moneypak: 0,000000"; false; {copyright=[], law=[], moneypak=[], threat=[], porn=[]}
/home/nicola/workspace/Heldroid/experiments/datasets/ransomware/R1/f809cb43178b987cb2a42a3f89f9f8ef1fe496370ce29b08681d3b9a6f77cbf6.apk; false; true; 1,000000; false; false; "Threat: 1,000000, Porn: 1,000000, Law: 0,000000, Copyright: 0,000000, Moneypak: 1,000000"; false; {copyright=[], law=[], moneypak=[res/values/strings.xml], threat=[res/values/strings.xml], porn=[res/values/strings.xml]}
/home/nicola/workspace/Heldroid/experiments/datasets/ransomware/R1/db9aa18a2790333f3713f7be121858dab9588bd836e30d99d276ead9bf13b246.apk; false; true; 0,979971; true; true; "Threat: 0,935414, Porn: 0,000000, Law: 0,000000, Copyright: 0,000000, Moneypak: 0,774597"; false; {copyright=[], law=[], moneypak=[res/values/strings.xml], threat=[res/values/strings.xml], porn=[]}
/home/nicola/workspace/Heldroid/experiments/datasets/ransomware/R1/277101751846b76587ac96bd9cf8d4610ca507f2533ba41c7ea8fccb0fe8f6ca.apk; true; true; 1,000000; true; false; "Threat: 1,000000, Porn: 1,000000, Law: 1,000000, Copyright: 0,640513, Moneypak: 0,816497"; false; {copyright=[], law=[], moneypak=[], threat=[], porn=[]}
/home/nicola/workspace/Heldroid/experiments/datasets/ransomware/R1/087403080fec0e37750d5fda86ad262b1db1852e0dbd0a9a14da39f89b1aa178.apk; false; true; 1,000000; false; false; "Threat: 1,000000, Porn: 1,000000, Law: 0,000000, Copyright: 0,000000, Moneypak: 1,000000"; false; {copyright=[], law=[], moneypak=[res/values/strings.xml], threat=[res/values/strings.xml], porn=[res/values/strings.xml]}
/home/nicola/workspace/Heldroid/experiments/datasets/ransomware/R1/fa9df1c998604f2bcd464913601c3e202025d48af6da344efc4d10dbfe6ae26d.apk; false; false; 0,000000; false; false; "Threat: 0,000000, Porn: 0,000000, Law: 0,000000, Copyright: 0,000000, Moneypak: 0,000000"; false; {copyright=[], law=[], moneypak=[], threat=[], porn=[]}
/home/nicola/workspace/Heldroid/experiments/datasets/ransomware/R1/f1173515fc8b6df1b73c8e4e0319128b2e627272dbae4694f12664a1d93871f4.apk; true; true; 1,000000; true; false; "Threat: 1,000000, Porn: 0,925820, Law: 1,000000, Copyright: 0,640513, Moneypak: 0,816497"; false; {copyright=[], law=[], moneypak=[], threat=[], porn=[]}
/home/nicola/workspace/Heldroid/experiments/datasets/ransomware/R1/2e1ca3a9f46748e0e4aebdea1afe84f1015e3e7ce667a91e4cfabd0db8557cbf.apk; false; false; 0,000000; false; false; "Threat: 0,000000, Porn: 0,000000, Law: 0,166667, Copyright: 0,000000, Moneypak: 0,158114"; false; {copyright=[], law=[], moneypak=[], threat=[], porn=[]}
/home/nicola/workspace/Heldroid/experiments/datasets/ransomware/R1/69a2f5d1c4075dbba45c9b1771513d5c44062ae008ad1042cc5a32014474733e.apk; false; true; 1,000000; false; false; "Threat: 1,000000, Porn: 1,000000, Law: 0,000000, Copyright: 0,000000, Moneypak: 1,000000"; false; {copyright=[], law=[], moneypak=[res/values/strings.xml], threat=[res/values/strings.xml], porn=[res/values/strings.xml]}
/home/nicola/workspace/Heldroid/experiments/datasets/ransomware/R1/8ea1e410c198702d747a41d25d9332f611beb4795c105d0670321e0091880e45.apk; false; false; 0,000000; false; false; "Threat: 0,000000, Porn: 0,000000, Law: 0,000000, Copyright: 0,000000, Moneypak: 0,000000"; false; {copyright=[], law=[], moneypak=[], threat=[], porn=[]}
/home/nicola/workspace/Heldroid/experiments/datasets/ransomware/R1/e8c0e251ec99d79593c4645e7909991030bc12f0be21bae5e2dea4bb7970c027.apk; false; false; 0,000000; false; false; "Threat: 0,000000, Porn: 0,000000, Law: 0,000000, Copyright: 0,000000, Moneypak: 0,000000"; false; {copyright=[], law=[], moneypak=[], threat=[], porn=[]}
/home/nicola/workspace/Heldroid/experiments/datasets/ransomware/R1/dc367da7d5d4d8dcde46ecb63a3ac45c2622211c8891cd08cfd471f33f4ea825.apk; false; true; 1,000000; false; false; "Threat: 1,000000, Porn: 1,000000, Law: 0,000000, Copyright: 0,000000, Moneypak: 1,000000"; false; {copyright=[], law=[], moneypak=[res/values/strings.xml], threat=[res/values/strings.xml], porn=[res/values/strings.xml]}
/home/nicola/workspace/Heldroid/experiments/datasets/ransomware/R1/b4d5c37abafc6d021f11628792200ce434c2b61085ed8ec4cbfc34bdf2aa5a7f.apk; true; true; 1,000000; true; false; "Threat: 1,000000, Porn: 1,000000, Law: 0,732520, Copyright: 0,183309, Moneypak: 0,894427"; false; {copyright=[], law=[], moneypak=[], threat=[], porn=[]}
/home/nicola/workspace/Heldroid/experiments/datasets/ransomware/R1/a71618076b8baab4258af7276eb0a4211b5d5ce5f05ae691b00a7050dd737b78.apk; true; true; 1,000000; false; false; "Threat: 1,000000, Porn: 1,000000, Law: 1,000000, Copyright: 0,000000, Moneypak: 1,000000"; false; {copyright=[], law=[], moneypak=[], threat=[], porn=[]}
/home/nicola/workspace/Heldroid/experiments/datasets/ransomware/R1/ac23f6f8c0312e00558c5cb8f7c5edce06ca8fffd70edf6c6dd17705c666416f.apk; true; true; 1,000000; true; false; "Threat: 1,000000, Porn: 1,000000, Law: 1,000000, Copyright: 1,000000, Moneypak: 1,000000"; false; {copyright=[], law=[], moneypak=[], threat=[], porn=[]}
/home/nicola/workspace/Heldroid/experiments/datasets/ransomware/R1/39947dbac81b59d111b946236efed57e03afbff4a4e42ab8a8accbff18f3ac99.apk; true; true; 1,000000; false; false; "Threat: 1,000000, Porn: 1,000000, Law: 1,000000, Copyright: 0,000000, Moneypak: 1,000000"; false; {copyright=[], law=[], moneypak=[], threat=[], porn=[]}
/home/nicola/workspace/Heldroid/experiments/datasets/ransomware/R1/1566c9b56b1389f1e76a55b2a9373c3677431454c1eaad738b8d7f1a54aeb364.apk; true; true; 1,000000; false; false; "Threat: 1,000000, Porn: 1,000000, Law: 1,000000, Copyright: 0,000000, Moneypak: 1,000000"; false; {copyright=[], law=[], moneypak=[], threat=[], porn=[]}
/home/nicola/workspace/Heldroid/experiments/datasets/ransomware/R1/ee4dd7c643443b22d2b5b591c7dd11db1afb2cef0631b03797a204a445ab3b4d.apk; false; true; 1,000000; false; false; "Threat: 1,000000, Porn: 1,000000, Law: 0,000000, Copyright: 0,000000, Moneypak: 1,000000"; false; {copyright=[], law=[], moneypak=[res/values/strings.xml], threat=[res/values/strings.xml], porn=[res/values/strings.xml]}
/home/nicola/workspace/Heldroid/experiments/datasets/ransomware/R1/258024906f290ab7c294da64ddf5ffe89853106c87900a89d048e2454afbdb20.apk; true; true; 1,000000; true; false; "Threat: 1,000000, Porn: 1,000000, Law: 1,000000, Copyright: 0,000000, Moneypak: 1,000000"; false; {copyright=[], law=[], moneypak=[], threat=[], porn=[]}
/home/nicola/workspace/Heldroid/experiments/datasets/ransomware/R1/5cc7dc97bb7c4f9365bad7b6da3aa506dd907a8d6898eb6d9c39a2cf033e04fb.apk; false; true; 1,000000; false; false; "Threat: 1,000000, Porn: 1,000000, Law: 0,000000, Copyright: 0,000000, Moneypak: 1,000000"; false; {copyright=[], law=[], moneypak=[res/values/strings.xml], threat=[res/values/strings.xml], porn=[res/values/strings.xml]}
/home/nicola/workspace/Heldroid/experiments/datasets/ransomware/R1/5bd190dc88ca4c2f3a3f7acace80c61224cb412be10479adebce4c97eab72053.apk; false; true; 1,000000; false; false; "Threat: 1,000000, Porn: 1,000000, Law: 0,000000, Copyright: 0,000000, Moneypak: 1,000000"; false; {copyright=[], law=[], moneypak=[res/values/strings.xml], threat=[res/values/strings.xml], porn=[res/values/strings.xml]}
/home/nicola/workspace/Heldroid/experiments/datasets/ransomware/R1/5031f2d559d291fb8ebc54cf34be4055a1e17ab4226765227a4ae76c6430207f.apk; false; true; 1,000000; true; false; "Threat: 1,000000, Porn: 1,000000, Law: 0,000000, Copyright: 0,000000, Moneypak: 1,000000"; false; {copyright=[], law=[], moneypak=[res/values/strings.xml], threat=[res/values/strings.xml], porn=[res/values/strings.xml]}
/home/nicola/workspace/Heldroid/experiments/datasets/ransomware/R1/7ecb3e5b43634f8d056be2ac7cc83e901802f5fea19a0b79576bed0c4327781e.apk; true; true; 1,000000; false; false; "Threat: 1,000000, Porn: 1,000000, Law: 1,000000, Copyright: 0,000000, Moneypak: 1,000000"; false; {copyright=[], law=[], moneypak=[], threat=[], porn=[]}
/home/nicola/workspace/Heldroid/experiments/datasets/ransomware/R1/274106ae6e1bfe41a079566d38e4e29f568373eb7e77d773f91227ee462f73c5.apk; false; true; 1,000000; false; false; "Threat: 1,000000, Porn: 1,000000, Law: 0,000000, Copyright: 0,000000, Moneypak: 1,000000"; false; {copyright=[], law=[], moneypak=[res/values/strings.xml], threat=[res/values/strings.xml], porn=[res/values/strings.xml]}
/home/nicola/workspace/Heldroid/experiments/datasets/ransomware/R1/c4ec1b18a4756158a81aa67eb9e974da7a718cbc040612d5eab0fc08874b3eee.apk; false; true; 1,000000; true; false; "Threat: 0,670820, Porn: 0,745356, Law: 1,000000, Copyright: 1,000000, Moneypak: 0,948683"; false; {copyright=[], law=[], moneypak=[], threat=[], porn=[]}
/home/nicola/workspace/Heldroid/experiments/datasets/ransomware/R1/001fe5c473b8890a3883b7f3fbc65ca7133ac8a5e9c6b3f0f79a6edd37ac9390.apk; true; false; 0,000000; false; false; "Threat: 0,192450, Porn: 0,085749, Law: 0,000000, Copyright: 0,000000, Moneypak: 0,000000"; false; {copyright=[], law=[], moneypak=[], threat=[res/values/strings.xml], porn=[]}
/home/nicola/workspace/Heldroid/experiments/datasets/ransomware/R1/de4ecfdd222302ada89442a68e87719ea1bf406688513892ab2f35ed43c61b5d.apk; true; true; 1,000000; false; false; "Threat: 1,000000, Porn: 1,000000, Law: 1,000000, Copyright: 0,000000, Moneypak: 1,000000"; false; {copyright=[], law=[], moneypak=[], threat=[], porn=[]}
/home/nicola/workspace/Heldroid/experiments/datasets/ransomware/R1/d17e1e6e7c0feaf869f7ac4dcad5409a31c4d3e7d69b9f824ff656557f7e4a07.apk; true; true; 1,000000; true; false; "Threat: 1,000000, Porn: 1,000000, Law: 1,000000, Copyright: 0,000000, Moneypak: 0,816497"; false; {copyright=[], law=[], moneypak=[], threat=[], porn=[]}
/home/nicola/workspace/Heldroid/experiments/datasets/ransomware/R1/5869397ef360aec992dc03b00aa0967fd6ce654a049c75fa7edd17a02c46bcb8.apk; false; true; 1,000000; true; false; "Threat: 0,670820, Porn: 0,745356, Law: 1,000000, Copyright: 1,000000, Moneypak: 0,948683"; false; {copyright=[], law=[], moneypak=[], threat=[], porn=[]}
/home/nicola/workspace/Heldroid/experiments/datasets/ransomware/R1/699372c03c9449e40d6549a0ffdc8b4551a4d6b28b5439e0116d9bbb7c29a93c.apk; false; false; 0,000000; false; false; "Threat: 0,000000, Porn: 0,000000, Law: 0,000000, Copyright: 0,000000, Moneypak: 0,000000"; false; {copyright=[], law=[], moneypak=[], threat=[], porn=[]}
/home/nicola/workspace/Heldroid/experiments/datasets/ransomware/R1/9052e8bd7b8f881e2dc8a213877e51f8b75d51a33f058e6f2e61ef3e3dc63761.apk; false; true; 1,000000; false; false; "Threat: 1,000000, Porn: 1,000000, Law: 0,000000, Copyright: 0,000000, Moneypak: 1,000000"; false; {copyright=[], law=[], moneypak=[res/values/strings.xml], threat=[res/values/strings.xml], porn=[res/values/strings.xml]}
/home/nicola/workspace/Heldroid/experiments/datasets/ransomware/R1/9c20e654355a4aefd0f69e764d7380d3d483e0c180f6c9a82e2bfa399b06dc42.apk; true; true; 1,000000; true; false; "Threat: 1,000000, Porn: 1,000000, Law: 1,000000, Copyright: 1,000000, Moneypak: 1,000000"; false; {copyright=[], law=[], moneypak=[], threat=[], porn=[]}
/home/nicola/workspace/Heldroid/experiments/datasets/ransomware/R1/4dc2bfc6791a7be8590402a90692fe1a1e8f6a60aa5779eeb6a7208d48f4e3bf.apk; true; false; 0,000000; false; false; "Threat: 0,192450, Porn: 0,085749, Law: 0,000000, Copyright: 0,000000, Moneypak: 0,000000"; false; {copyright=[], law=[], moneypak=[], threat=[res/values/strings.xml], porn=[]}
/home/nicola/workspace/Heldroid/experiments/datasets/ransomware/R1/a149fe3c4d0bc054e513ff7065a2ba0155478363c2b63683566f6a73e2d2e3c7.apk; false; true; 1,000000; false; false; "Threat: 1,000000, Porn: 1,000000, Law: 0,000000, Copyright: 0,000000, Moneypak: 1,000000"; false; {copyright=[], law=[], moneypak=[res/values/strings.xml], threat=[res/values/strings.xml], porn=[res/values/strings.xml]}
/home/nicola/workspace/Heldroid/experiments/datasets/ransomware/R1/c34ad8944fe0195d41b4550d8eeddf85591f0630a222252659e8cf2e7b1f5073.apk; true; true; 1,000000; true; false; "Threat: 1,000000, Porn: 1,000000, Law: 1,000000, Copyright: 0,000000, Moneypak: 1,000000"; false; {copyright=[], law=[], moneypak=[], threat=[], porn=[]}
/home/nicola/workspace/Heldroid/experiments/datasets/ransomware/R1/4695460c621ef1f618298a5bdf8511c6a31ddf5858b8e767a9bd1ade0a324739.apk; false; false; 0,000000; true; false; "Threat: 0,000000, Porn: 0,000000, Law: 0,000000, Copyright: 0,000000, Moneypak: 0,000000"; false; {copyright=[], law=[], moneypak=[], threat=[], porn=[]}
/home/nicola/workspace/Heldroid/experiments/datasets/ransomware/R1/553f7280a074e041117bdfa015a5216bc82f6773ec8057c9a476b23ae7043cc7.apk; true; false; 0,000000; false; false; "Threat: 0,000000, Porn: 0,000000, Law: 0,000000, Copyright: 0,000000, Moneypak: 0,000000"; false; {copyright=[], law=[], moneypak=[], threat=[], porn=[]}
/home/nicola/workspace/Heldroid/experiments/datasets/ransomware/R1/ab5cffc27ce8dba9d50123b1afd21352014ec1d4db4e2df342b60208a3032878.apk; true; true; 1,000000; false; false; "Threat: 1,000000, Porn: 1,000000, Law: 1,000000, Copyright: 0,000000, Moneypak: 1,000000"; false; {copyright=[], law=[], moneypak=[], threat=[], porn=[]}
/home/nicola/workspace/Heldroid/experiments/datasets/ransomware/R1/5d94b8ca3907b4cf139d05dfc2e0f6528bbdceba20e765f6f61c65096c1be8ea.apk; false; false; 0,000000; true; false; "Threat: 0,000000, Porn: 0,000000, Law: 0,000000, Copyright: 0,000000, Moneypak: 0,000000"; false; {copyright=[], law=[], moneypak=[], threat=[], porn=[]}
/home/nicola/workspace/Heldroid/experiments/datasets/ransomware/R1/dfee0729b8c6509a804894d3d5fdf45180e868d0a4d9307d1bd27b4fe29902bb.apk; false; true; 1,000000; false; false; "Threat: 1,000000, Porn: 1,000000, Law: 0,000000, Copyright: 0,000000, Moneypak: 1,000000"; false; {copyright=[], law=[], moneypak=[res/values/strings.xml], threat=[res/values/strings.xml], porn=[res/values/strings.xml]}
/home/nicola/workspace/Heldroid/experiments/datasets/ransomware/R1/c6661989d56b7f76ef88e92d63c0207c8a5b9b7c71efeeb18742f543bb414a38.apk; false; true; 1,000000; false; false; "Threat: 1,000000, Porn: 1,000000, Law: 0,000000, Copyright: 0,000000, Moneypak: 1,000000"; false; {copyright=[], law=[], moneypak=[res/values/strings.xml], threat=[res/values/strings.xml], porn=[res/values/strings.xml]}
/home/nicola/workspace/Heldroid/experiments/datasets/ransomware/R1/84ddfd908d836b091bb6abe69c429ba5b5b9376f095f3da1210c0e5d6bd3aaea.apk; true; true; 1,000000; true; false; "Threat: 1,000000, Porn: 1,000000, Law: 0,732520, Copyright: 0,183309, Moneypak: 0,894427"; false; {copyright=[], law=[], moneypak=[], threat=[], porn=[]}
/home/nicola/workspace/Heldroid/experiments/datasets/ransomware/R1/18c18e890d06604761156b274f923508ac47dde042cce4f97650f28ff4aed59a.apk; false; true; 1,000000; true; false; "Threat: 0,670820, Porn: 0,745356, Law: 1,000000, Copyright: 1,000000, Moneypak: 0,948683"; false; {copyright=[], law=[], moneypak=[], threat=[], porn=[]}
/home/nicola/workspace/Heldroid/experiments/datasets/ransomware/R1/ec3441651b8966093c210deb7bf8952da2665067dd7eb2878d36bbe375633c1f.apk; false; true; 1,000000; false; false; "Threat: 1,000000, Porn: 0,707107, Law: 0,000000, Copyright: 0,000000, Moneypak: 1,000000"; false; {copyright=[], law=[], moneypak=[res/values/strings.xml], threat=[res/values/strings.xml], porn=[res/values/strings.xml]}
/home/nicola/workspace/Heldroid/experiments/datasets/ransomware/R1/5d4b5f0cf6b819e829a45b08dd2e64128da1c70e406d6dcbf6c66117b0df96c0.apk; true; false; 0,000000; false; false; "Threat: 0,000000, Porn: 0,000000, Law: 0,000000, Copyright: 0,000000, Moneypak: 0,000000"; false; {copyright=[], law=[], moneypak=[], threat=[], porn=[]}
/home/nicola/workspace/Heldroid/experiments/datasets/ransomware/R1/28f3df1e967800329266ff68a10769552c70d9a3cad1f30cf727570d1f6e5493.apk; true; true; 1,000000; true; false; "Threat: 1,000000, Porn: 1,000000, Law: 1,000000, Copyright: 0,000000, Moneypak: 1,000000"; false; {copyright=[], law=[], moneypak=[], threat=[], porn=[]}
/home/nicola/workspace/Heldroid/experiments/datasets/ransomware/R1/6007e49cbcdd2db26b5973c29e1376706de16491ab607bb0e8202aa3198600de.apk; true; true; 1,000000; true; false; "Threat: 1,000000, Porn: 1,000000, Law: 1,000000, Copyright: 1,000000, Moneypak: 1,000000"; false; {copyright=[], law=[], moneypak=[], threat=[], porn=[]}
/home/nicola/workspace/Heldroid/experiments/datasets/ransomware/R1/642bf8e6a391082d639c8e27340607634cf94474a25512378de59f7734a59a6e.apk; true; true; 1,000000; false; false; "Threat: 1,000000, Porn: 1,000000, Law: 1,000000, Copyright: 0,000000, Moneypak: 1,000000"; false; {copyright=[], law=[], moneypak=[], threat=[], porn=[]}
/home/nicola/workspace/Heldroid/experiments/datasets/ransomware/R1/4fcd83a0f93d51ebfe5193b7e26c08626e6d29a9147b9de1fe3d38253f9637bc.apk; false; false; 0,000000; true; false; "Threat: 0,000000, Porn: 0,000000, Law: 0,000000, Copyright: 0,000000, Moneypak: 0,000000"; false; {copyright=[], law=[], moneypak=[], threat=[], porn=[]}
/home/nicola/workspace/Heldroid/experiments/datasets/ransomware/R1/ad74243f287b395ef94abcc6cdc27ecf19b2749300447a34fa7ee218a537f84a.apk; false; false; 0,000000; true; false; "Threat: 0,000000, Porn: 0,000000, Law: 0,000000, Copyright: 0,000000, Moneypak: 0,000000"; false; {copyright=[], law=[], moneypak=[], threat=[], porn=[]}
/home/nicola/workspace/Heldroid/experiments/datasets/ransomware/R1/a8a7adf699952e6e1480178d7f80a3591a27697c0e033ae583476f21eb547c74.apk; true; true; 1,000000; true; false; "Threat: 1,000000, Porn: 1,000000, Law: 1,000000, Copyright: 0,000000, Moneypak: 1,000000"; false; {copyright=[], law=[], moneypak=[], threat=[], porn=[]}
/home/nicola/workspace/Heldroid/experiments/datasets/ransomware/R1/84eb1ff9445e04c5a1f0b8f4cc7d3fc5302464d2c281afbb3737842ed9181003.apk; true; false; 0,000000; false; false; "Threat: 0,192450, Porn: 0,085749, Law: 0,000000, Copyright: 0,000000, Moneypak: 0,000000"; false; {copyright=[], law=[], moneypak=[], threat=[res/values/strings.xml], porn=[]}
/home/nicola/workspace/Heldroid/experiments/datasets/ransomware/R1/1d87b0a7371cad62140c8fefa3c358576bcb49f72dbe31afa338d5cde9fa7c7e.apk; false; true; 1,000000; true; false; "Threat: 0,670820, Porn: 0,745356, Law: 1,000000, Copyright: 1,000000, Moneypak: 0,948683"; false; {copyright=[], law=[], moneypak=[], threat=[], porn=[]}
/home/nicola/workspace/Heldroid/experiments/datasets/ransomware/R1/6a78d0d039e85e63e0149a62120c4b85bffe5af822c1a3d3d234c01222eeefb8.apk; true; true; 1,000000; false; false; "Threat: 1,000000, Porn: 1,000000, Law: 1,000000, Copyright: 0,000000, Moneypak: 1,000000"; false; {copyright=[], law=[], moneypak=[], threat=[], porn=[]}
/home/nicola/workspace/Heldroid/experiments/datasets/ransomware/R1/985e70a3180e56a15d560ccc9d0be5bdd267b8ceb37edcc8fd16119c6f5af689.apk; false; false; 0,000000; true; false; "Threat: 0,000000, Porn: 0,182574, Law: 0,000000, Copyright: 0,000000, Moneypak: 0,365148"; false; {copyright=[], law=[], moneypak=[], threat=[], porn=[]}
/home/nicola/workspace/Heldroid/experiments/datasets/ransomware/R1/9caefb64d7ccd4b585b0619fc2fca50f37687cc06a4f6d4081875fcaf8692472.apk; true; false; 0,000000; false; false; "Threat: 0,000000, Porn: 0,000000, Law: 0,000000, Copyright: 0,000000, Moneypak: 0,000000"; false; {copyright=[], law=[], moneypak=[], threat=[], porn=[]}
/home/nicola/workspace/Heldroid/experiments/datasets/ransomware/R1/80c4114bdde075dabcce7585700714a47491e6c1bc8746585b586053c51ab1b6.apk; true; true; 1,000000; true; false; "Threat: 1,000000, Porn: 1,000000, Law: 1,000000, Copyright: 1,000000, Moneypak: 1,000000"; false; {copyright=[], law=[], moneypak=[], threat=[], porn=[]}
/home/nicola/workspace/Heldroid/experiments/datasets/ransomware/R1/b339c82f68c21a18436c5069cd16762a0d6f966927273e01aa07ecebfbc41299.apk; false; false; 0,000000; false; false; "Threat: 0,000000, Porn: 0,000000, Law: 0,000000, Copyright: 0,000000, Moneypak: 0,000000"; false; {copyright=[], law=[], moneypak=[], threat=[], porn=[]}
/home/nicola/workspace/Heldroid/experiments/datasets/ransomware/R1/8271172427862ffd9d764f728baa99648d27ba4a753996b1ed62012f8d06ce07.apk; true; true; 1,000000; true; false; "Threat: 1,000000, Porn: 0,925820, Law: 1,000000, Copyright: 0,640513, Moneypak: 0,737865"; false; {copyright=[], law=[], moneypak=[], threat=[], porn=[]}
/home/nicola/workspace/Heldroid/experiments/datasets/ransomware/R1/44b04fd4557f47932e6b4ffbae8b9ff6c17a9d77d1919810669255efeff6f93e.apk; true; true; 1,000000; true; false; "Threat: 1,000000, Porn: 1,000000, Law: 0,732520, Copyright: 0,183309, Moneypak: 0,894427"; false; {copyright=[], law=[], moneypak=[], threat=[], porn=[]}
/home/nicola/workspace/Heldroid/experiments/datasets/ransomware/R1/1e52bd6883333f495721f4f6e25b5b5db117cf31a1f8b3a4a32c9b1e9d81034e.apk; false; false; 0,000000; true; false; "Threat: 0,000000, Porn: 0,000000, Law: 0,000000, Copyright: 0,000000, Moneypak: 0,000000"; false; {copyright=[], law=[], moneypak=[], threat=[], porn=[]}
/home/nicola/workspace/Heldroid/experiments/datasets/ransomware/R1/02332cbb5105296f629abaad6a8675c3725690eda91242ec844e8801c0ad1821.apk; false; false; 0,000000; true; false; "Threat: 0,000000, Porn: 0,000000, Law: 0,000000, Copyright: 0,000000, Moneypak: 0,000000"; false; {copyright=[], law=[], moneypak=[], threat=[], porn=[]}
/home/nicola/workspace/Heldroid/experiments/datasets/ransomware/R1/9413758d7125f68ee481a38aec8354b096d3cea91b62115d275481ee2ad18145.apk; false; false; 0,000000; true; true; "Threat: 0,000000, Porn: 0,000000, Law: 0,000000, Copyright: 0,000000, Moneypak: 0,182574"; false; {copyright=[], law=[], moneypak=[res/values/strings.xml], threat=[], porn=[]}
/home/nicola/workspace/Heldroid/experiments/datasets/ransomware/R1/d724afac7ae8b5b12bbc4f9abc0274d29d75e5276fa336b4ccf0a50001ff9c49.apk; false; true; 1,000000; false; false; "Threat: 1,000000, Porn: 1,000000, Law: 0,000000, Copyright: 0,000000, Moneypak: 1,000000"; false; {copyright=[], law=[], moneypak=[res/values/strings.xml], threat=[res/values/strings.xml], porn=[res/values/strings.xml]}
/home/nicola/workspace/Heldroid/experiments/datasets/ransomware/R1/ed817257e995f6515c76e0ec490ff97842d50706edc16dbe9738b4fa816707c8.apk; true; true; 1,000000; true; false; "Threat: 1,000000, Porn: 1,000000, Law: 0,732520, Copyright: 0,183309, Moneypak: 0,894427"; false; {copyright=[], law=[], moneypak=[], threat=[], porn=[]}
/home/nicola/workspace/Heldroid/experiments/datasets/ransomware/R1/c3a834ddbb089f9279b6590b67aea001284b4c623a07e6d112fcc55b669399c8.apk; true; true; 1,000000; false; false; "Threat: 1,000000, Porn: 1,000000, Law: 1,000000, Copyright: 0,000000, Moneypak: 1,000000"; false; {copyright=[], law=[], moneypak=[], threat=[], porn=[]}
/home/nicola/workspace/Heldroid/experiments/datasets/ransomware/R1/7149f4a992c4de023148e122c567bb8bf1a994517ffebb89ec5caa26c966c028.apk; true; true; 1,000000; true; false; "Threat: 1,000000, Porn: 1,000000, Law: 1,000000, Copyright: 0,000000, Moneypak: 1,000000"; false; {copyright=[], law=[], moneypak=[], threat=[], porn=[]}
/home/nicola/workspace/Heldroid/experiments/datasets/ransomware/R1/aab408838f0db0dcc6abc6ab8e50d9aac8de2d06b04b73b8936f479fe3962e6b.apk; true; true; 1,000000; true; false; "Threat: 1,000000, Porn: 1,000000, Law: 1,000000, Copyright: 1,000000, Moneypak: 1,000000"; false; {copyright=[], law=[], moneypak=[], threat=[], porn=[]}
/home/nicola/workspace/Heldroid/experiments/datasets/ransomware/R1/5a78c831e1416b11d6f8b8fc262440926c7cf1a1992dd4b9910e44e476270b51.apk; false; true; 1,000000; false; false; "Threat: 1,000000, Porn: 1,000000, Law: 0,000000, Copyright: 0,000000, Moneypak: 1,000000"; false; {copyright=[], law=[], moneypak=[res/values/strings.xml], threat=[res/values/strings.xml], porn=[res/values/strings.xml]}
/home/nicola/workspace/Heldroid/experiments/datasets/ransomware/R1/d36553d22a9e6a89cf73c088b9990435156050c1d891bbfceb64bd3c192ab0da.apk; true; true; 1,000000; true; false; "Threat: 1,000000, Porn: 1,000000, Law: 0,732520, Copyright: 0,183309, Moneypak: 0,894427"; false; {copyright=[], law=[], moneypak=[], threat=[], porn=[]}
/home/nicola/workspace/Heldroid/experiments/datasets/ransomware/R1/240179ed9d3c6cd87b9fb1a2b59bb427484dcdac1d173211572cd59839c3207b.apk; true; false; 0,000000; false; false; "Threat: 0,192450, Porn: 0,085749, Law: 0,000000, Copyright: 0,000000, Moneypak: 0,000000"; false; {copyright=[], law=[], moneypak=[], threat=[res/values/strings.xml], porn=[]}
/home/nicola/workspace/Heldroid/experiments/datasets/ransomware/R1/1398f33e11136471a5e206a9aa7e6fef9eea30f1ae529164cdadcac25687aa84.apk; false; true; 1,000000; false; false; "Threat: 1,000000, Porn: 1,000000, Law: 0,000000, Copyright: 0,000000, Moneypak: 1,000000"; false; {copyright=[], law=[], moneypak=[res/values/strings.xml], threat=[res/values/strings.xml], porn=[res/values/strings.xml]}
/home/nicola/workspace/Heldroid/experiments/datasets/ransomware/R1/4876a59e1fc087f637030599315b46f3d69489f4a2a6171f86bf5ab0f0f2c9af.apk; false; false; 0,000000; true; false; "Threat: 0,000000, Porn: 0,182574, Law: 0,000000, Copyright: 0,000000, Moneypak: 0,365148"; false; {copyright=[], law=[], moneypak=[], threat=[], porn=[]}
/home/nicola/workspace/Heldroid/experiments/datasets/ransomware/R1/b1b8cc1adda90ea07ae6cc27a388c38ac2475cbbbecb4d737382997b926a37c8.apk; false; true; 1,000000; false; false; "Threat: 1,000000, Porn: 0,707107, Law: 0,000000, Copyright: 0,000000, Moneypak: 1,000000"; false; {copyright=[], law=[], moneypak=[res/values/strings.xml], threat=[res/values/strings.xml], porn=[res/values/strings.xml]}
/home/nicola/workspace/Heldroid/experiments/datasets/ransomware/R1/92c80b5fba800fce1a526b411a171faf3838a16d8034f45e709a5605bca880b4.apk; false; true; 1,000000; true; false; "Threat: 0,258199, Porn: 0,745356, Law: 1,000000, Copyright: 1,000000, Moneypak: 0,670820"; false; {copyright=[], law=[], moneypak=[], threat=[], porn=[]}
/home/nicola/workspace/Heldroid/experiments/datasets/ransomware/R1/e40e8f225c7ab6f8fc78649820d419985b01fa905c83755480dd5800f87b108f.apk; false; false; 0,000000; false; false; "Threat: 0,000000, Porn: 0,000000, Law: 0,000000, Copyright: 0,000000, Moneypak: 0,000000"; false; {copyright=[], law=[], moneypak=[], threat=[], porn=[]}
/home/nicola/workspace/Heldroid/experiments/datasets/ransomware/R1/647dd1ed823acb99b3d5e7b2397039c980e614ec611233dc7dcccb854e5efb5e.apk; false; false; 0,000000; false; false; "Threat: 0,000000, Porn: 0,000000, Law: 0,000000, Copyright: 0,000000, Moneypak: 0,000000"; false; {copyright=[], law=[], moneypak=[], threat=[], porn=[]}
/home/nicola/workspace/Heldroid/experiments/datasets/ransomware/R1/f7659e8ab97641bf7ac28203f8c6565228132ebcd6029a7d2543481530469eff.apk; false; false; 0,000000; false; false; "Threat: 0,000000, Porn: 0,000000, Law: 0,000000, Copyright: 0,000000, Moneypak: 0,000000"; false; {copyright=[], law=[], moneypak=[], threat=[], porn=[]}
/home/nicola/workspace/Heldroid/experiments/datasets/ransomware/R1/0e586adc81ed471324562b85130aca58e344325cb6de7eab3f5d3398f968790b.apk; false; true; 1,000000; false; false; "Threat: 1,000000, Porn: 1,000000, Law: 0,000000, Copyright: 0,000000, Moneypak: 1,000000"; false; {copyright=[], law=[], moneypak=[res/values/strings.xml], threat=[res/values/strings.xml], porn=[res/values/strings.xml]}
/home/nicola/workspace/Heldroid/experiments/datasets/ransomware/R1/175174ef35a5cb123385d6b1f8851e3a136663595017c4449c44ccfc4cf8f94b.apk; true; true; 1,000000; true; false; "Threat: 1,000000, Porn: 1,000000, Law: 1,000000, Copyright: 0,000000, Moneypak: 1,000000"; false; {copyright=[], law=[], moneypak=[], threat=[], porn=[]}
/home/nicola/workspace/Heldroid/experiments/datasets/ransomware/R1/6fdb9924e496f513c963e055ea4bf9589036fb6a361a4e97220888cc451901cd.apk; true; true; 1,000000; true; false; "Threat: 1,000000, Porn: 1,000000, Law: 1,000000, Copyright: 1,000000, Moneypak: 1,000000"; false; {copyright=[], law=[], moneypak=[], threat=[], porn=[]}
/home/nicola/workspace/Heldroid/experiments/datasets/ransomware/R1/4983da1cbf1c36fe7ed8f871a8b1e295a7f81c4b9c125ea60e01f4c9409abe82.apk; false; true; 1,000000; false; false; "Threat: 1,000000, Porn: 1,000000, Law: 0,000000, Copyright: 0,000000, Moneypak: 1,000000"; false; {copyright=[], law=[], moneypak=[res/values/strings.xml], threat=[res/values/strings.xml], porn=[res/values/strings.xml]}
/home/nicola/workspace/Heldroid/experiments/datasets/ransomware/R1/e897b0d9ad8bd501f311ff4d1cec29ff1fa8edbb8a85e26ce81d6f50c012362d.apk; false; true; 1,000000; false; false; "Threat: 1,000000, Porn: 1,000000, Law: 0,000000, Copyright: 0,000000, Moneypak: 1,000000"; false; {copyright=[], law=[], moneypak=[res/values/strings.xml], threat=[res/values/strings.xml], porn=[res/values/strings.xml]}
/home/nicola/workspace/Heldroid/experiments/datasets/ransomware/R1/a71073af1c81263e90d5ec0e6ac8b3f9480ebcb0c42bc8f49be5e6c99c069bc5.apk; false; true; 1,000000; true; true; "Threat: 1,000000, Porn: 0,000000, Law: 0,000000, Copyright: 0,000000, Moneypak: 0,774597"; false; {copyright=[], law=[], moneypak=[res/values/strings.xml], threat=[res/values/strings.xml], porn=[]}
/home/nicola/workspace/Heldroid/experiments/datasets/ransomware/R1/daa3c87f245346c46908f68f2c4b2cf58a82f01320c488cbcb9aee16f9733999.apk; true; true; 1,000000; true; false; "Threat: 1,000000, Porn: 1,000000, Law: 0,732520, Copyright: 0,183309, Moneypak: 0,894427"; false; {copyright=[], law=[], moneypak=[], threat=[], porn=[]}
/home/nicola/workspace/Heldroid/experiments/datasets/ransomware/R1/7826c1b27e46aad498a6228d83da1bfd1598de313fa43d1cdffb53f9cf799b9c.apk; false; true; 1,000000; false; false; "Threat: 1,000000, Porn: 1,000000, Law: 0,000000, Copyright: 0,000000, Moneypak: 1,000000"; false; {copyright=[], law=[], moneypak=[res/values/strings.xml], threat=[res/values/strings.xml], porn=[res/values/strings.xml]}
/home/nicola/workspace/Heldroid/experiments/datasets/ransomware/R1/ae23174f14c2a41c50aa34507f5d935c6ebc31923db4f34bdf301e614544bc6a.apk; true; true; 1,000000; true; false; "Threat: 1,000000, Porn: 1,000000, Law: 1,000000, Copyright: 1,000000, Moneypak: 1,000000"; false; {copyright=[], law=[], moneypak=[], threat=[], porn=[]}
/home/nicola/workspace/Heldroid/experiments/datasets/ransomware/R1/84b4f063ae497f4914900f6ea1c613fd436a68d31ac21a7b58f1431b3ab8f589.apk; true; false; 0,000000; false; false; "Threat: 0,192450, Porn: 0,085749, Law: 0,000000, Copyright: 0,000000, Moneypak: 0,000000"; false; {copyright=[], law=[], moneypak=[], threat=[res/values/strings.xml], porn=[]}
/home/nicola/workspace/Heldroid/experiments/datasets/ransomware/R1/3e0af7b483903078db76258bb0426b3546b848925d1343a28d38885ddff519c3.apk; true; true; 1,000000; false; false; "Threat: 1,000000, Porn: 1,000000, Law: 1,000000, Copyright: 0,000000, Moneypak: 1,000000"; false; {copyright=[], law=[], moneypak=[], threat=[], porn=[]}
/home/nicola/workspace/Heldroid/experiments/datasets/ransomware/R1/145b447864142b9959a86672be9b657347da2ad24b92902d943a1d0abbbb292c.apk; false; true; 1,000000; false; false; "Threat: 1,000000, Porn: 1,000000, Law: 0,000000, Copyright: 0,000000, Moneypak: 1,000000"; false; {copyright=[], law=[], moneypak=[res/values/strings.xml], threat=[res/values/strings.xml], porn=[res/values/strings.xml]}
/home/nicola/workspace/Heldroid/experiments/datasets/ransomware/R1/3c7cd3b542026a6b401f645af9b068730b31ba4ab5516a27dc36be379f8d834a.apk; false; true; 1,000000; true; false; "Threat: 0,670820, Porn: 0,745356, Law: 1,000000, Copyright: 1,000000, Moneypak: 0,948683"; false; {copyright=[], law=[], moneypak=[], threat=[], porn=[]}
/home/nicola/workspace/Heldroid/experiments/datasets/ransomware/R1/90911e8de3e8e4a15c34898564e6ad3f21c26f2800f009221daad806aa022331.apk; false; true; 1,000000; false; false; "Threat: 1,000000, Porn: 1,000000, Law: 0,000000, Copyright: 0,000000, Moneypak: 1,000000"; false; {copyright=[], law=[], moneypak=[res/values/strings.xml], threat=[res/values/strings.xml], porn=[res/values/strings.xml]}
/home/nicola/workspace/Heldroid/experiments/datasets/ransomware/R1/295189ff30c15d706ec9869e986f3a7a1f055a768d449262e7b9f2b48b3ac8c5.apk; false; true; 1,000000; true; false; "Threat: 1,000000, Porn: 0,333333, Law: 0,000000, Copyright: 0,000000, Moneypak: 0,948683"; false; {copyright=[], law=[], moneypak=[], threat=[], porn=[]}
/home/nicola/workspace/Heldroid/experiments/datasets/ransomware/R1/fe666e209e094968d3178ecf0cf817164c26d5501ed3cd9a80da786a4a3f3dc4.apk; true; true; 1,000000; true; false; "Threat: 1,000000, Porn: 1,000000, Law: 1,000000, Copyright: 0,000000, Moneypak: 1,000000"; false; {copyright=[], law=[], moneypak=[], threat=[], porn=[]}
/home/nicola/workspace/Heldroid/experiments/datasets/ransomware/R1/1d79e0f29011517cd97a138ef0bdee3edeac0a993b671ed5297c0273c4941ba8.apk; true; true; 1,000000; true; false; "Threat: 1,000000, Porn: 1,000000, Law: 1,000000, Copyright: 0,000000, Moneypak: 1,000000"; false; {copyright=[], law=[], moneypak=[], threat=[], porn=[]}
/home/nicola/workspace/Heldroid/experiments/datasets/ransomware/R1/c94695c273f37a615099458565c27e455940c9ad53c0a8cd67df91a6c80c4ed1.apk; true; true; 1,000000; true; false; "Threat: 1,000000, Porn: 0,925820, Law: 1,000000, Copyright: 0,640513, Moneypak: 0,737865"; false; {copyright=[], law=[], moneypak=[], threat=[], porn=[]}
/home/nicola/workspace/Heldroid/experiments/datasets/ransomware/R1/1c8ad9fd731f3282359f844ffce2c7aed0634e11949c2fb3f9e85a7337e358d4.apk; false; true; 1,000000; false; false; "Threat: 1,000000, Porn: 1,000000, Law: 0,000000, Copyright: 0,000000, Moneypak: 1,000000"; false; {copyright=[], law=[], moneypak=[res/values/strings.xml], threat=[res/values/strings.xml], porn=[res/values/strings.xml]}
/home/nicola/workspace/Heldroid/experiments/datasets/ransomware/R1/d693d0637c51f7547db3dcbc3a236fe7ffccdbcc8be35f35b8ad0997402302de.apk; true; false; 0,000000; false; false; "Threat: 0,192450, Porn: 0,085749, Law: 0,000000, Copyright: 0,000000, Moneypak: 0,000000"; false; {copyright=[], law=[], moneypak=[], threat=[res/values/strings.xml], porn=[]}
/home/nicola/workspace/Heldroid/experiments/datasets/ransomware/R1/f7ef4f0bd82b320bd945ae59a7724893b9e43391162652b4cf9b76639e5c7ea3.apk; true; true; 1,000000; false; false; "Threat: 1,000000, Porn: 1,000000, Law: 1,000000, Copyright: 0,000000, Moneypak: 1,000000"; false; {copyright=[], law=[], moneypak=[], threat=[], porn=[]}
/home/nicola/workspace/Heldroid/experiments/datasets/ransomware/R1/32c7beae659cf27ef453d32a6c3b27f8f13a556e3b7aaf198c27ccc80fa93721.apk; false; false; 0,000000; true; false; "Threat: 0,000000, Porn: 0,000000, Law: 0,000000, Copyright: 0,000000, Moneypak: 0,000000"; false; {copyright=[], law=[], moneypak=[], threat=[], porn=[]}
/home/nicola/workspace/Heldroid/experiments/datasets/ransomware/R1/ea5512e351fad0b73aceb4ff2bc8f5696bdb6b9eb4dfd4512c27bf581e0ec54d.apk; false; true; 1,000000; false; false; "Threat: 1,000000, Porn: 1,000000, Law: 0,000000, Copyright: 0,000000, Moneypak: 1,000000"; false; {copyright=[], law=[], moneypak=[res/values/strings.xml], threat=[res/values/strings.xml], porn=[res/values/strings.xml]}
/home/nicola/workspace/Heldroid/experiments/datasets/ransomware/R1/77265ffcd7e08ab2c5e759afbe3504460daeeedec05086e2e38d78db8ac7a461.apk; false; false; 0,000000; false; false; "Threat: 0,000000, Porn: 0,000000, Law: 0,166667, Copyright: 0,000000, Moneypak: 0,158114"; false; {copyright=[], law=[], moneypak=[], threat=[], porn=[]}
/home/nicola/workspace/Heldroid/experiments/datasets/ransomware/R1/57a8fae85d20a5bd059cd1be78133521900fc03268b161ddc85e94ddfa6fef38.apk; true; true; 1,000000; true; false; "Threat: 1,000000, Porn: 1,000000, Law: 1,000000, Copyright: 0,000000, Moneypak: 1,000000"; false; {copyright=[], law=[], moneypak=[], threat=[], porn=[]}
/home/nicola/workspace/Heldroid/experiments/datasets/ransomware/R1/788710d4d65bb032b70ea52c317ef29b39efe382dbd51b6ece04842263bcf89e.apk; true; true; 1,000000; true; false; "Threat: 1,000000, Porn: 1,000000, Law: 1,000000, Copyright: 0,000000, Moneypak: 1,000000"; false; {copyright=[], law=[], moneypak=[], threat=[], porn=[]}
/home/nicola/workspace/Heldroid/experiments/datasets/ransomware/R1/881b33780a48687177aff5ed08dc1970fdb21c940216c8dc3b19c6d0a6e37d2f.apk; true; true; 1,000000; false; false; "Threat: 1,000000, Porn: 1,000000, Law: 1,000000, Copyright: 0,000000, Moneypak: 1,000000"; false; {copyright=[], law=[], moneypak=[], threat=[], porn=[]}
/home/nicola/workspace/Heldroid/experiments/datasets/ransomware/R1/9531c934e05159ea68f50b4d3fdef837ac5b43bb2862e80ea1c77ab5519baef7.apk; false; true; 1,000000; true; false; "Threat: 0,670820, Porn: 0,745356, Law: 1,000000, Copyright: 1,000000, Moneypak: 0,948683"; false; {copyright=[], law=[], moneypak=[], threat=[], porn=[]}
/home/nicola/workspace/Heldroid/experiments/datasets/ransomware/R1/5b7445c3497b7998cf6f4d04e70aa4002b5e8d272f2eabb42ce9d638b84f29c4.apk; false; false; 0,000000; true; false; "Threat: 0,000000, Porn: 0,000000, Law: 0,000000, Copyright: 0,000000, Moneypak: 0,000000"; false; {copyright=[], law=[], moneypak=[], threat=[], porn=[]}
/home/nicola/workspace/Heldroid/experiments/datasets/ransomware/R1/0d1d91e3548a0988c14860f25bd5e13f2fdc8dccc5edd7e4a92711781f287a73.apk; true; true; 1,000000; false; false; "Threat: 1,000000, Porn: 1,000000, Law: 1,000000, Copyright: 0,000000, Moneypak: 1,000000"; false; {copyright=[], law=[], moneypak=[], threat=[], porn=[]}
/home/nicola/workspace/Heldroid/experiments/datasets/ransomware/R1/519f82c79d089afcef9d4b1104b21a0eae111b144cfdbbcd4354714bef5110b4.apk; true; true; 1,000000; true; false; "Threat: 1,000000, Porn: 1,000000, Law: 1,000000, Copyright: 0,000000, Moneypak: 1,000000"; false; {copyright=[], law=[], moneypak=[], threat=[], porn=[]}
/home/nicola/workspace/Heldroid/experiments/datasets/ransomware/R1/600f0a3a703c9dbd0f4438a7f5b21a3dcb13f195046f080d886feab42416634f.apk; false; true; 1,000000; true; true; "Threat: 1,000000, Porn: 0,000000, Law: 0,000000, Copyright: 0,845154, Moneypak: 0,774597"; false; {copyright=[res/values/strings.xml], law=[], moneypak=[res/values/strings.xml], threat=[res/values/strings.xml], porn=[]}
/home/nicola/workspace/Heldroid/experiments/datasets/ransomware/R1/e23a2de52a8d00c14e58ba611d37db181c3d4625647fe6525636717b2e993a73.apk; true; true; 1,000000; true; false; "Threat: 1,000000, Porn: 1,000000, Law: 1,000000, Copyright: 0,000000, Moneypak: 1,000000"; false; {copyright=[], law=[], moneypak=[], threat=[], porn=[]}
/home/nicola/workspace/Heldroid/experiments/datasets/ransomware/R1/971572b835ded710d989a3bf9096d9eb8ffd38e27cce0814fc577611358e1277.apk; false; false; 0,000000; false; false; "Threat: 0,000000, Porn: 0,000000, Law: 0,000000, Copyright: 0,000000, Moneypak: 0,000000"; false; {copyright=[], law=[], moneypak=[], threat=[], porn=[]}
/home/nicola/workspace/Heldroid/experiments/datasets/ransomware/R1/53e3176bf58be1cd2e8c615da04a20104b1f8de1953fc089bc5bab957a247850.apk; true; false; 0,000000; false; false; "Threat: 0,000000, Porn: 0,000000, Law: 0,000000, Copyright: 0,000000, Moneypak: 0,000000"; false; {copyright=[], law=[], moneypak=[], threat=[], porn=[]}
/home/nicola/workspace/Heldroid/experiments/datasets/ransomware/R1/4c15bad3486dc4aa0553ad267812aff29b1a4951abcc6ec91ef7c1feed78e7b2.apk; false; true; 1,000000; true; false; "Threat: 0,670820, Porn: 0,745356, Law: 1,000000, Copyright: 1,000000, Moneypak: 0,948683"; false; {copyright=[], law=[], moneypak=[], threat=[], porn=[]}
/home/nicola/workspace/Heldroid/experiments/datasets/ransomware/R1/4fbb9a128e428544d8351914a12c9bc9c510e7086751dc2403bdfa49f7da9311.apk; false; true; 1,000000; false; false; "Threat: 1,000000, Porn: 1,000000, Law: 0,000000, Copyright: 0,000000, Moneypak: 1,000000"; false; {copyright=[], law=[], moneypak=[res/values/strings.xml], threat=[res/values/strings.xml], porn=[res/values/strings.xml]}
/home/nicola/workspace/Heldroid/experiments/datasets/ransomware/R1/bdf67adb31a60952f8f6dcc3b5c3b614c3861bf099c0f7e864541fbbd09fe254.apk; true; false; 0,000000; false; false; "Threat: 0,192450, Porn: 0,085749, Law: 0,000000, Copyright: 0,000000, Moneypak: 0,000000"; false; {copyright=[], law=[], moneypak=[], threat=[res/values/strings.xml], porn=[]}
/home/nicola/workspace/Heldroid/experiments/datasets/ransomware/R1/f08ec2ab7d4f37301b9c465d6f2544422e4e149eae9c853468113ed7ee23d7b0.apk; true; true; 1,000000; true; false; "Threat: 1,000000, Porn: 1,000000, Law: 1,000000, Copyright: 0,000000, Moneypak: 1,000000"; false; {copyright=[], law=[], moneypak=[], threat=[], porn=[]}
/home/nicola/workspace/Heldroid/experiments/datasets/ransomware/R1/a49184db5836e1c36b0b79cf3d98eec07ece43666cead7b1dfa25cd2c9029925.apk; true; true; 1,000000; false; false; "Threat: 1,000000, Porn: 1,000000, Law: 1,000000, Copyright: 0,000000, Moneypak: 1,000000"; false; {copyright=[], law=[], moneypak=[], threat=[], porn=[]}
/home/nicola/workspace/Heldroid/experiments/datasets/ransomware/R1/aaad324457619e1466f0949f1277c8b5e62efee59eab9764fb28aa8f09221bd0.apk; false; true; 1,000000; false; false; "Threat: 1,000000, Porn: 1,000000, Law: 0,000000, Copyright: 0,000000, Moneypak: 1,000000"; false; {copyright=[], law=[], moneypak=[res/values/strings.xml], threat=[res/values/strings.xml], porn=[res/values/strings.xml]}
/home/nicola/workspace/Heldroid/experiments/datasets/ransomware/R1/ba377a0b69ac253f61a50143cd0661506f82eea7a2e65494f94f30a7210c94e2.apk; false; false; 0,000000; false; false; "Threat: 0,000000, Porn: 0,000000, Law: 0,000000, Copyright: 0,000000, Moneypak: 0,000000"; false; {copyright=[], law=[], moneypak=[], threat=[], porn=[]}
/home/nicola/workspace/Heldroid/experiments/datasets/ransomware/R1/b4bf13acb958222e842f4bbd606a968b87cd16199027028d446c71026896254f.apk; false; true; 1,000000; true; true; "Threat: 0,353553, Porn: 0,745356, Law: 1,000000, Copyright: 1,000000, Moneypak: 0,670820"; false; {copyright=[], law=[], moneypak=[], threat=[], porn=[res/values/strings.xml]}
/home/nicola/workspace/Heldroid/experiments/datasets/ransomware/R1/28f46594f1538a8762840292ec803c976185281d746dc4ccabe397c8a4672b53.apk; false; true; 1,000000; false; false; "Threat: 1,000000, Porn: 1,000000, Law: 0,000000, Copyright: 0,000000, Moneypak: 1,000000"; false; {copyright=[], law=[], moneypak=[res/values/strings.xml], threat=[res/values/strings.xml], porn=[res/values/strings.xml]}
/home/nicola/workspace/Heldroid/experiments/datasets/ransomware/R1/3b22ec7d95c896a58525b7fa37307f6a829f3a7dfdaa0454691b5bf22a7506b6.apk; false; true; 1,000000; false; false; "Threat: 1,000000, Porn: 1,000000, Law: 0,000000, Copyright: 0,000000, Moneypak: 1,000000"; false; {copyright=[], law=[], moneypak=[res/values/strings.xml], threat=[res/values/strings.xml], porn=[res/values/strings.xml]}
/home/nicola/workspace/Heldroid/experiments/datasets/ransomware/R1/4465a116e2e9ab5344f94701bb01ea768204035bf29be85bbf628c1f7aeb24e6.apk; true; true; 1,000000; true; false; "Threat: 1,000000, Porn: 1,000000, Law: 1,000000, Copyright: 0,000000, Moneypak: 1,000000"; false; {copyright=[], law=[], moneypak=[], threat=[], porn=[]}
/home/nicola/workspace/Heldroid/experiments/datasets/ransomware/R1/fc38256a62f1f577399422e8d96132bb9a230a26f6df60f9f35ffdb81b69e066.apk; true; true; 1,000000; true; false; "Threat: 1,000000, Porn: 1,000000, Law: 0,732520, Copyright: 0,183309, Moneypak: 0,894427"; false; {copyright=[], law=[], moneypak=[], threat=[], porn=[]}
/home/nicola/workspace/Heldroid/experiments/datasets/ransomware/R1/8028064d43df4e25bbd77b1d65bede2d88255aa953c3ac50b2eb45c825f601f3.apk; false; true; 1,000000; true; false; "Threat: 0,258199, Porn: 0,745356, Law: 1,000000, Copyright: 1,000000, Moneypak: 0,670820"; false; {copyright=[], law=[], moneypak=[], threat=[], porn=[]}
/home/nicola/workspace/Heldroid/experiments/datasets/ransomware/R1/48ca376b839b8682e68e9645cb8165389665d05c637f0090b6e359ff7ffa4acc.apk; true; true; 1,000000; false; false; "Threat: 1,000000, Porn: 1,000000, Law: 1,000000, Copyright: 0,000000, Moneypak: 1,000000"; false; {copyright=[], law=[], moneypak=[], threat=[], porn=[]}
/home/nicola/workspace/Heldroid/experiments/datasets/ransomware/R1/a42374a2944fa269c99d011a7cc35f28746d4e7c0cb117df4c9f991f5cb31c1d.apk; false; true; 0,959429; true; true; "Threat: 0,818182, Porn: 0,738549, Law: 0,353553, Copyright: 0,240192, Moneypak: 0,597614"; false; {copyright=[], law=[], moneypak=[res/values/strings.xml], threat=[], porn=[res/values/strings.xml]}
